{
  "export_version": "0.079",
  "framed_nodes": {},
  "groups": {},
  "metainfo": {
    "author": "Gelenov",
    "description": "Simple Cube with Bevel",
    "license": "CC-BY-SA"
  },
  "nodes": {
    "Bevel": {
      "bl_idname": "SvBevelNode",
      "height": 100.0,
      "hide": false,
      "label": "",
      "location": [
        346.9582214355469,
        211.7416534423828
      ],
      "params": {
        "offset_": 0.029999995604157448,
        "profile_": 0.7099997997283936,
        "segments_": 3
      },
      "width": 140.0
    },
    "Box": {
      "bl_idname": "SvBoxNode",
      "color": [
        0.0,
        0.5,
        0.5
      ],
      "height": 100.0,
      "hide": false,
      "label": "",
      "location": [
        140.91189575195312,
        190.60401916503906
      ],
      "params": {
        "Divx": 3,
        "Divy": 3,
        "Divz": 3,
        "Size": 3.429999828338623
      },
      "use_custom_color": true,
      "width": 140.0
    },
    "Viewer BMesh": {
      "bl_idname": "SvBmeshViewerNodeV28",
      "color": [
        1.0,
        0.30000001192092896,
        0.0
      ],
      "height": 100.0,
      "hide": false,
      "label": "",
      "location": [
        579.9827270507812,
        204.6922149658203
      ],
      "params": {},
      "use_custom_color": true,
      "width": 140.0
    }
  },
  "update_lists": [
    [
      "Box",
      0,
      "Bevel",
      0
    ],
    [
      "Box",
      1,
      "Bevel",
      1
    ],
    [
      "Box",
      2,
      "Bevel",
      2
    ],
    [
      "Bevel",
      0,
      "Viewer BMesh",
      0
    ],
    [
      "Bevel",
      1,
      "Viewer BMesh",
      1
    ],
    [
      "Bevel",
      2,
      "Viewer BMesh",
      2
    ]
  ]
}