{
  "export_version": "0.079",
  "framed_nodes": {},
  "groups": {},
  "metainfo": {
    "author": "Gelenov",
    "description": "Single Cube Color Node setup",
    "license": "CC-BY-SA"
  },
  "nodes": {
    "A Number": {
      "bl_idname": "SvNumberNode",
      "height": 100.0,
      "hide": false,
      "label": "",
      "location": [
        -520.5982055664062,
        188.39613342285156
      ],
      "params": {
        "float_": 0.0,
        "int_": 99,
        "selected_mode": "int"
      },
      "width": 140.0
    },
    "Box": {
      "bl_idname": "SvBoxNode",
      "color": [
        0.0,
        0.5,
        0.5
      ],
      "height": 100.0,
      "hide": false,
      "label": "",
      "location": [
        -475.68402099609375,
        527.1295166015625
      ],
      "params": {},
      "use_custom_color": true,
      "width": 140.0
    },
    "Color in MK1": {
      "bl_idname": "SvColorsInNodeMK1",
      "height": 100.0,
      "hide": false,
      "label": "",
      "location": [
        -38.20701217651367,
        208.13316345214844
      ],
      "params": {
        "a_": 1.0,
        "b_": 1.0,
        "g_": 0.1899999976158142,
        "h_": 0.5199999809265137,
        "l_": 1.0,
        "r_": 0.22000004351139069,
        "s_": 0.75,
        "selected_mode": "RGB",
        "use_alpha": 1,
        "v_": 1.0
      },
      "width": 110.0
    },
    "Object ID Set MK2": {
      "bl_idname": "SvSetDataObjectNodeMK2",
      "height": 100.0,
      "hide": false,
      "label": "",
      "location": [
        295.5254821777344,
        254.15386962890625
      ],
      "params": {
        "formula": "color"
      },
      "width": 140.0
    },
    "Random Num Gen": {
      "bl_idname": "SvRndNumGen",
      "height": 100.0,
      "hide": false,
      "label": "",
      "location": [
        -274.6562194824219,
        217.6082763671875
      ],
      "params": {
        "seed": 210,
        "size": 5,
        "type_selected_mode": "Float"
      },
      "width": 140.0
    },
    "Viewer BMesh": {
      "bl_idname": "SvBmeshViewerNodeV28",
      "color": [
        1.0,
        0.30000001192092896,
        0.0
      ],
      "height": 100.0,
      "hide": false,
      "label": "",
      "location": [
        -147.6488800048828,
        534.341796875
      ],
      "params": {
        "basedata_name": "Alpha",
        "material": "silver",
        "object_select": 0
      },
      "use_custom_color": true,
      "width": 140.0
    }
  },
  "update_lists": [
    [
      "Box",
      0,
      "Viewer BMesh",
      0
    ],
    [
      "Box",
      1,
      "Viewer BMesh",
      1
    ],
    [
      "Box",
      2,
      "Viewer BMesh",
      2
    ],
    [
      "A Number",
      0,
      "Random Num Gen",
      0
    ],
    [
      "Random Num Gen",
      0,
      "Color in MK1",
      0
    ],
    [
      "Viewer BMesh",
      0,
      "Object ID Set MK2",
      0
    ],
    [
      "Color in MK1",
      0,
      "Object ID Set MK2",
      1
    ]
  ]
}