{
  "export_version": "0.079",
  "framed_nodes": {},
  "groups": {},
  "metainfo": {
    "author": "Gelenov",
    "description": "Architectural planes & stairs",
    "license": "CC-BY-SA"
  },
  "nodes": {
    "Polygon Grid": {
      "bl_idname": "SvPolygonGridNode",
      "height": 100.0,
      "hide": false,
      "label": "",
      "location": [
        -776.2992553710938,
        -16.097301483154297
      ],
      "params": {
        "angle": 1.0199999809265137,
        "center": 1,
        "gridLayout": "RECTANGLE",
        "gridType": "TRIANGLE",
        "radius": 1.0,
        "scale": 0.9699999094009399,
        "separate": 1
      },
      "width": 170.0
    },
    "Simple deformation": {
      "bl_idname": "SvSimpleDeformNode",
      "height": 100.0,
      "hide": false,
      "label": "",
      "location": [
        -458.2595520019531,
        121.12498474121094
      ],
      "params": {
        "angle": 6.035398006439209,
        "angles_mode": "degrees",
        "hi_limit": 98.37999725341797,
        "low_limit": 0.5699999928474426,
        "mode": "Bend"
      },
      "width": 140.0
    },
    "Viewer BMesh": {
      "bl_idname": "SvBmeshViewerNodeV28",
      "color": [
        1.0,
        0.30000001192092896,
        0.0
      ],
      "height": 100.0,
      "hide": false,
      "label": "",
      "location": [
        -187.89413452148438,
        67.46026611328125
      ],
      "params": {},
      "use_custom_color": true,
      "width": 140.0
    }
  },
  "update_lists": [
    [
      "Polygon Grid",
      1,
      "Simple deformation",
      0
    ],
    [
      "Simple deformation",
      0,
      "Viewer BMesh",
      0
    ],
    [
      "Polygon Grid",
      3,
      "Viewer BMesh",
      2
    ]
  ]
}