{
  "export_version": "0.079",
  "framed_nodes": {},
  "groups": {},
  "metainfo": {
    "author": "Gelenov",
    "description": "Extrusions of planes for Objects",
    "license": "CC-BY-SA"
  },
  "nodes": {
    "Bevel": {
      "bl_idname": "SvBevelNode",
      "height": 100.0,
      "hide": false,
      "label": "",
      "location": [
        -38.807373046875,
        153.49652099609375
      ],
      "params": {
        "offsetType": "OFFSET",
        "offset_": 0.05999999865889549,
        "profile_": 0.7099997997283936,
        "segments_": 3
      },
      "width": 140.0
    },
    "Extrude Region": {
      "bl_idname": "SvExtrudeRegionNode",
      "height": 100.0,
      "hide": false,
      "label": "",
      "location": [
        -261.8388977050781,
        153.92718505859375
      ],
      "params": {
        "height_": 2.3399999141693115,
        "multiple": 1,
        "transform_mode": "Normal"
      },
      "width": 140.0
    },
    "NGon": {
      "bl_idname": "SvNGonNode",
      "color": [
        0.0,
        0.5,
        0.5
      ],
      "height": 100.0,
      "hide": false,
      "label": "",
      "location": [
        -522.2593383789062,
        117.33912658691406
      ],
      "params": {
        "rad_": 3.490000009536743,
        "sides_": 8
      },
      "use_custom_color": true,
      "width": 140.0
    },
    "Viewer BMesh": {
      "bl_idname": "SvBmeshViewerNodeV28",
      "color": [
        1.0,
        0.30000001192092896,
        0.0
      ],
      "height": 100.0,
      "hide": false,
      "label": "",
      "location": [
        181.192626953125,
        96.31354522705078
      ],
      "params": {},
      "use_custom_color": true,
      "width": 140.0
    }
  },
  "update_lists": [
    [
      "NGon",
      0,
      "Extrude Region",
      0
    ],
    [
      "NGon",
      1,
      "Extrude Region",
      1
    ],
    [
      "NGon",
      2,
      "Extrude Region",
      2
    ],
    [
      "Extrude Region",
      0,
      "Bevel",
      0
    ],
    [
      "Extrude Region",
      1,
      "Bevel",
      1
    ],
    [
      "Extrude Region",
      2,
      "Bevel",
      2
    ],
    [
      "Bevel",
      0,
      "Viewer BMesh",
      0
    ],
    [
      "Bevel",
      1,
      "Viewer BMesh",
      1
    ],
    [
      "Bevel",
      2,
      "Viewer BMesh",
      2
    ]
  ]
}